Soumission,Fiction,One,50.1,In stock,20
Private Paris (Private #10),Fiction,Five,47.61,In stock,17
Thirst,Fiction,Five,17.27,In stock,16
The Murder That Never Was (Forensic Instincts #5),Fiction,Three,54.11,In stock,16
Tuesday Nights in 1980,Fiction,Two,21.04,In stock,15
The Vacationers,Fiction,Four,42.15,In stock,15
The Regional Office Is Under Attack!,Fiction,Five,51.36,In stock,15
Finders Keepers (Bill Hodges Trilogy #2),Fiction,Five,53.53,In stock,15
The Time Keeper,Fiction,Five,27.88,In stock,14
The Testament of Mary,Fiction,Four,52.67,In stock,14
The First Hostage (J.B. Collins #2),Fiction,Three,25.85,In stock,14
Take Me with You,Fiction,Three,45.21,In stock,14
Still Life with Bread Crumbs,Fiction,Three,26.41,In stock,14
Shtum,Fiction,Four,55.84,In stock,14
My Name Is Lucy Barton,Fiction,One,41.56,In stock,14
My Mrs. Brown,Fiction,Three,24.48,In stock,14
Mr. Mercedes (Bill Hodges Trilogy #1),Fiction,One,28.9,In stock,14
I Am Pilgrim (Pilgrim #1),Fiction,Four,10.6,In stock,14
Eligible (The Austen Project #4),Fiction,Three,27.09,In stock,14
Eight Hundred Grapes,Fiction,Four,14.39,In stock,14
Dear Mr. Knightley,Fiction,Five,11.21,In stock,14
Cometh the Hour (The Clifton Chronicles #6),Fiction,Three,25.01,In stock,14
Balloon Animals,Fiction,Three,17.03,In stock,14
A Man Called Ove,Fiction,One,39.72,In stock,14
The Silent Sister (Riley MacPherson #1),Fiction,Five,46.29,In stock,12
The Dinner Party,Fiction,Two,56.54,In stock,12
The Improbability of Love,Fiction,One,59.45,In stock,11
Mothering Sunday,Fiction,Two,13.34,In stock,11
Lies and Other Acts of Love,Fiction,One,45.14,In stock,11
Daredevils,Fiction,Three,16.34,In stock,11
11/22/63,Fiction,Three,48.48,In stock,11
The Shack,Fiction,One,28.03,In stock,9
The High Mountains of Portugal,Fiction,One,51.15,In stock,8
Miller's Valley,Fiction,Two,58.54,In stock,8
Hystopia: A Novel,Fiction,Four,21.96,In stock,8
The Bourne Identity (Jason Bourne #1),Fiction,Four,42.78,In stock,7
Sister Dear,Fiction,Four,40.2,In stock,7
Memoirs of a Geisha,Fiction,Three,49.67,In stock,7
Me Before You (Me Before You #1),Fiction,One,19.02,In stock,6
Deception Point,Fiction,Four,40.32,In stock,6
The Little Paris Bookshop,Fiction,Three,24.73,In stock,5
The Firm,Fiction,Three,45.56,In stock,5
The Expatriates,Fiction,Two,44.58,In stock,5
Siddhartha,Fiction,Five,34.22,In stock,5
Last One Home (New Beginnings #1),Fiction,Three,59.98,In stock,5
Digital Fortress,Fiction,Five,58.0,In stock,5
Atlas Shrugged,Fiction,Five,26.58,In stock,4
Three-Martini Lunch,Fiction,Three,23.21,In stock,3
The Nightingale,Fiction,Four,26.26,In stock,3
The Infinities,Fiction,One,27.41,In stock,3
The Husband's Secret,Fiction,Five,52.51,In stock,3
The Da Vinci Code (Robert Langdon #2),Fiction,Two,22.96,In stock,3
The Art of Fielding,Fiction,One,22.1,In stock,3
Lila (Gilead #3),Fiction,Three,12.47,In stock,3
Jurassic Park (Jurassic Park #1),Fiction,One,44.97,In stock,3
Inferno (Robert Langdon #4),Fiction,Five,41.0,In stock,3
Crazy Rich Asians (Crazy Rich Asians #1),Fiction,Five,49.13,In stock,3
Big Little Lies,Fiction,One,22.11,In stock,3
The Course of Love,Fiction,Three,16.78,In stock,2
When I'm Gone,Fiction,Three,51.96,In stock,1
The Silent Wife,Fiction,Five,12.34,In stock,1
The Bette Davis Club,Fiction,Three,30.66,In stock,1
Kitchens of the Great Midwest,Fiction,Five,57.2,In stock,1
Bright Lines,Fiction,Five,39.07,In stock,1
